[{"model": "review_site.customuser", "pk": 1, "fields": {"password": "12345", "last_login": null, "is_superuser": false, "username": "craig.sinc", "first_name": "", "last_name": "", "email": "123@gmail.com", "is_staff": false, "is_active": true, "date_joined": "2024-03-15T09:53:57.603Z", "bio": "Hi!", "profile_picture": "", "groups": [], "user_permissions": []}}, {"model": "review_site.customuser", "pk": 2, "fields": {"password": "2468", "last_login": null, "is_superuser": false, "username": "Jim Bob", "first_name": "", "last_name": "", "email": "12345@gmail.com", "is_staff": false, "is_active": true, "date_joined": "2024-03-15T09:53:57.609Z", "bio": "Music lover.", "profile_picture": "", "groups": [], "user_permissions": []}}, {"model": "review_site.customuser", "pk": 3, "fields": {"password": "789", "last_login": null, "is_superuser": false, "username": "Dave Smith", "first_name": "", "last_name": "", "email": "123456@gmail.com", "is_staff": false, "is_active": true, "date_joined": "2024-03-15T09:53:57.613Z", "bio": "I like music!", "profile_picture": "", "groups": [], "user_permissions": []}}, {"model": "review_site.customuser", "pk": 4, "fields": {"password": "pbkdf2_sha256$600000$qs5eH5ngzyfTDs9k8dRLPr$XweDcdSU66ZJh+u5FLaS+z20x9tS6zulTNmL255YX0w=", "last_login": "2024-03-15T09:54:29.303Z", "is_superuser": false, "username": "asdawe", "first_name": "", "last_name": "", "email": "", "is_staff": false, "is_active": true, "date_joined": "2024-03-15T09:54:28.820Z", "bio": "", "profile_picture": "", "groups": [], "user_permissions": []}}, {"model": "review_site.customuser", "pk": 5, "fields": {"password": "pbkdf2_sha256$600000$Fy6kZ25qHjqWvKMkRBh8RW$msq1Q+LJxy5XYd+lrBDsydCR9FUB5WhFQ/WkbX0BJUY=", "last_login": "2024-03-15T09:59:57.700Z", "is_superuser": false, "username": "asdawsdf", "first_name": "", "last_name": "", "email": "", "is_staff": false, "is_active": true, "date_joined": "2024-03-15T09:59:57.211Z", "bio": "", "profile_picture": "", "groups": [], "user_permissions": []}}, {"model": "review_site.customuser", "pk": 6, "fields": {"password": "pbkdf2_sha256$600000$UZBOKYrrKp39bsdbWpwgTS$Y1xNM1yYp9Slwo1pC9HauQPXZQ+LqCoWRYNFTxmAkrU=", "last_login": "2024-03-15T10:00:13.678Z", "is_superuser": false, "username": "asdawegtgt", "first_name": "", "last_name": "", "email": "", "is_staff": false, "is_active": true, "date_joined": "2024-03-15T10:00:13.189Z", "bio": "", "profile_picture": "", "groups": [], "user_permissions": []}}, {"model": "review_site.customuser", "pk": 7, "fields": {"password": "pbkdf2_sha256$600000$txb0mRS7z2PvL3qg1lpafR$Lkp68EdTqjNWW7H3Nn9sTMEwKV1PeLYtl7QNLs2ilJ0=", "last_login": "2024-03-15T10:07:24.539Z", "is_superuser": false, "username": "zzzzz", "first_name": "", "last_name": "", "email": "", "is_staff": false, "is_active": true, "date_joined": "2024-03-15T10:07:24.053Z", "bio": "", "profile_picture": "", "groups": [], "user_permissions": []}}, {"model": "review_site.customuser", "pk": 8, "fields": {"password": "pbkdf2_sha256$600000$XL1jZywMiuOgds6T4C1R6N$KviN0CBjluNi2oPuuTTdb4A3zKJGoTjvDonUXxfj6YE=", "last_login": "2024-03-15T10:10:27.554Z", "is_superuser": false, "username": "rrrrr", "first_name": "", "last_name": "", "email": "", "is_staff": false, "is_active": true, "date_joined": "2024-03-15T10:10:27.074Z", "bio": "", "profile_picture": "", "groups": [], "user_permissions": []}}, {"model": "review_site.customuser", "pk": 9, "fields": {"password": "pbkdf2_sha256$600000$9t62XNfyGyXqUcmC3PNUR3$FRpUHnSC9fIGw9IFFbdUtjERLsc7zzskEeskTPh9rhM=", "last_login": "2024-03-15T10:14:46.488Z", "is_superuser": false, "username": "rrrrrw", "first_name": "", "last_name": "", "email": "", "is_staff": false, "is_active": true, "date_joined": "2024-03-15T10:14:46.012Z", "bio": "", "profile_picture": "", "groups": [], "user_permissions": []}}, {"model": "review_site.customuser", "pk": 10, "fields": {"password": "pbkdf2_sha256$600000$q8fmugyYMj5EeHFb05iywW$uxIo+T2ZcRJ4ioP//pkmwb+tCWvw1+B7nuiLLsV5+uk=", "last_login": "2024-03-15T11:05:32.461Z", "is_superuser": false, "username": "rfrfrf", "first_name": "", "last_name": "", "email": "", "is_staff": false, "is_active": true, "date_joined": "2024-03-15T11:05:31.983Z", "bio": "", "profile_picture": "", "groups": [], "user_permissions": []}}, {"model": "review_site.customuser", "pk": 11, "fields": {"password": "pbkdf2_sha256$600000$GOyGDhg7HPr5euaabs2qdL$N2rBwDFFJOTRSXH+fMsO/GFjMMs0r499NZ2KWLKxm7w=", "last_login": "2024-03-15T11:07:45.048Z", "is_superuser": false, "username": "rfrfrfsd", "first_name": "", "last_name": "", "email": "", "is_staff": false, "is_active": true, "date_joined": "2024-03-15T11:07:44.570Z", "bio": "", "profile_picture": "", "groups": [], "user_permissions": []}}, {"model": "review_site.customuser", "pk": 12, "fields": {"password": "pbkdf2_sha256$600000$S538yl4QFctjN2Gf6zWa3c$WG9S/TrySZOJzooA42dYiniDsoM3mDHjpUTFEXEgBnE=", "last_login": "2024-03-15T11:13:50.813Z", "is_superuser": false, "username": "rfrfrfsda", "first_name": "", "last_name": "", "email": "", "is_staff": false, "is_active": true, "date_joined": "2024-03-15T11:13:50.323Z", "bio": "", "profile_picture": "", "groups": [], "user_permissions": []}}, {"model": "review_site.customuser", "pk": 13, "fields": {"password": "pbkdf2_sha256$600000$aPRin1FDMaLmKDbdI8y4cQ$f2kLgYzUgxT4eqzMdVNc4UmDBvfBg4QSV8BEI9XEasE=", "last_login": "2024-03-15T11:51:29.822Z", "is_superuser": false, "username": "zxczxc", "first_name": "", "last_name": "", "email": "", "is_staff": false, "is_active": true, "date_joined": "2024-03-15T11:51:29.340Z", "bio": "", "profile_picture": "", "groups": [], "user_permissions": []}}, {"model": "review_site.artist", "pk": 1, "fields": {"name": "The Strokes"}}, {"model": "review_site.artist", "pk": 2, "fields": {"name": "The Doors"}}, {"model": "review_site.artist", "pk": 3, "fields": {"name": "The Chemical Brothers"}}, {"model": "review_site.artist", "pk": 4, "fields": {"name": "The Vaccines"}}, {"model": "review_site.artist", "pk": 5, "fields": {"name": "Rick Astley"}}, {"model": "review_site.artist", "pk": 6, "fields": {"name": "The Stone Roses"}}, {"model": "review_site.artist", "pk": 7, "fields": {"name": "Alice In Chains"}}, {"model": "review_site.artist", "pk": 8, "fields": {"name": "Oasis"}}, {"model": "review_site.artist", "pk": 9, "fields": {"name": "The Snuts"}}, {"model": "review_site.artist", "pk": 10, "fields": {"name": "test"}}, {"model": "review_site.rating", "pk": 1, "fields": {"user": 2, "rating": "4.2", "content_type": 10, "object_id": 13}}, {"model": "review_site.rating", "pk": 2, "fields": {"user": 1, "rating": "4.7", "content_type": 7, "object_id": 1}}, {"model": "review_site.rating", "pk": 3, "fields": {"user": 2, "rating": "3.6", "content_type": 9, "object_id": 2}}, {"model": "review_site.album", "pk": 1, "fields": {"artist": 1, "name": "Is This It", "release_date": "2001-07-30", "album_art": "album_art/isthisit_N3y2hD7.png"}}, {"model": "review_site.album", "pk": 2, "fields": {"artist": 2, "name": "L.A. Woman", "release_date": "1971-04-19", "album_art": "album_art/default-cover-art.png"}}, {"model": "review_site.album", "pk": 3, "fields": {"artist": 3, "name": "Surrender", "release_date": "1999-01-01", "album_art": "album_art/hbhg_q91gEaY.jpg"}}, {"model": "review_site.album", "pk": 4, "fields": {"artist": 10, "name": "so fat", "release_date": "1659-08-08", "album_art": "album_art/Thirsty_Fish.png"}}, {"model": "review_site.album", "pk": 5, "fields": {"artist": 1, "name": "Is This It", "release_date": "2000-01-01", "album_art": "album_art/default-cover-art.png"}}, {"model": "review_site.ep", "pk": 1, "fields": {"artist": 8, "name": "Whatever", "release_date": "1994-12-18", "album_art": "album_art/Whatever_0YCpBxp.png"}}, {"model": "review_site.ep", "pk": 2, "fields": {"artist": 9, "name": "Dreams", "release_date": "2023-07-01", "album_art": "album_art/default-cover-art.png"}}, {"model": "review_site.single", "pk": 1, "fields": {"artist": 6, "name": "Sally Cinnamon", "release_date": "1987-01-02", "album_art": "album_art/default-cover-art.png"}}, {"model": "review_site.single", "pk": 2, "fields": {"artist": 4, "name": "Norgaard", "release_date": "2011-04-14", "album_art": "album_art/default-cover-art.png"}}, {"model": "review_site.single", "pk": 3, "fields": {"artist": 7, "name": "Would?", "release_date": "1992-10-29", "album_art": "album_art/default-cover-art.png"}}, {"model": "review_site.song", "pk": 1, "fields": {"artist": 1, "name": "Is This It", "release_date": "2001-06-30", "album_art": "album_art/default-cover-art.png", "album": 1}}, {"model": "review_site.song", "pk": 2, "fields": {"artist": 1, "name": "The Modern Age", "release_date": "2001-06-30", "album_art": "album_art/default-cover-art.png", "album": 1}}, {"model": "review_site.song", "pk": 3, "fields": {"artist": 1, "name": "Soma", "release_date": "2001-06-30", "album_art": "album_art/default-cover-art.png", "album": 1}}, {"model": "review_site.song", "pk": 4, "fields": {"artist": 1, "name": "Barely Legal", "release_date": "2001-06-30", "album_art": "album_art/default-cover-art.png", "album": 1}}, {"model": "review_site.song", "pk": 5, "fields": {"artist": 1, "name": "Someday", "release_date": "2001-06-30", "album_art": "album_art/default-cover-art.png", "album": 1}}, {"model": "review_site.song", "pk": 6, "fields": {"artist": 1, "name": "Alone, Together", "release_date": "2001-06-30", "album_art": "album_art/default-cover-art.png", "album": 1}}, {"model": "review_site.song", "pk": 7, "fields": {"artist": 1, "name": "Last Nite", "release_date": "2001-06-30", "album_art": "album_art/default-cover-art.png", "album": 1}}, {"model": "review_site.song", "pk": 8, "fields": {"artist": 1, "name": "Hard to Explain", "release_date": "2001-06-30", "album_art": "album_art/default-cover-art.png", "album": 1}}, {"model": "review_site.song", "pk": 9, "fields": {"artist": 1, "name": "When It Started", "release_date": "2001-06-30", "album_art": "album_art/default-cover-art.png", "album": 1}}, {"model": "review_site.song", "pk": 10, "fields": {"artist": 1, "name": "Trying Your Luck", "release_date": "2001-06-30", "album_art": "album_art/default-cover-art.png", "album": 1}}, {"model": "review_site.song", "pk": 11, "fields": {"artist": 1, "name": "Take It or Leave It", "release_date": "2001-06-30", "album_art": "album_art/default-cover-art.png", "album": 1}}, {"model": "review_site.song", "pk": 12, "fields": {"artist": 2, "name": "The Changeling", "release_date": "1971-04-19", "album_art": "album_art/default-cover-art.png", "album": 2}}, {"model": "review_site.song", "pk": 13, "fields": {"artist": 2, "name": "Love Her Madly", "release_date": "1971-04-19", "album_art": "album_art/default-cover-art.png", "album": 2}}, {"model": "review_site.song", "pk": 14, "fields": {"artist": 2, "name": "Been Down So Long", "release_date": "1971-04-19", "album_art": "album_art/default-cover-art.png", "album": 2}}, {"model": "review_site.song", "pk": 15, "fields": {"artist": 2, "name": "Cars Hiss by My Window", "release_date": "1971-04-19", "album_art": "album_art/default-cover-art.png", "album": 2}}, {"model": "review_site.song", "pk": 16, "fields": {"artist": 2, "name": "L.A. Woman", "release_date": "1971-04-19", "album_art": "album_art/default-cover-art.png", "album": 2}}, {"model": "review_site.song", "pk": 17, "fields": {"artist": 2, "name": "LAmerica", "release_date": "1971-04-19", "album_art": "album_art/default-cover-art.png", "album": 2}}, {"model": "review_site.song", "pk": 18, "fields": {"artist": 2, "name": "Hyacinth House", "release_date": "1971-04-19", "album_art": "album_art/default-cover-art.png", "album": 2}}, {"model": "review_site.song", "pk": 19, "fields": {"artist": 2, "name": "Crawling King Snake", "release_date": "1971-04-19", "album_art": "album_art/default-cover-art.png", "album": 2}}, {"model": "review_site.song", "pk": 20, "fields": {"artist": 2, "name": "The WASP (Texas Radio and the Big Beat)", "release_date": "1971-04-19", "album_art": "album_art/default-cover-art.png", "album": 2}}, {"model": "review_site.song", "pk": 21, "fields": {"artist": 2, "name": "Riders on the Storm", "release_date": "1971-04-19", "album_art": "album_art/default-cover-art.png", "album": 2}}, {"model": "review_site.song", "pk": 22, "fields": {"artist": 3, "name": "Music: Response", "release_date": "1999-06-22", "album_art": "album_art/default-cover-art.png", "album": 3}}, {"model": "review_site.song", "pk": 23, "fields": {"artist": 3, "name": "Under the Influence", "release_date": "1999-06-22", "album_art": "album_art/default-cover-art.png", "album": 3}}, {"model": "review_site.song", "pk": 24, "fields": {"artist": 3, "name": "Out of Control", "release_date": "1999-06-22", "album_art": "album_art/default-cover-art.png", "album": 3}}, {"model": "review_site.song", "pk": 25, "fields": {"artist": 3, "name": "Orange Wedge", "release_date": "1999-06-22", "album_art": "album_art/default-cover-art.png", "album": 3}}, {"model": "review_site.song", "pk": 26, "fields": {"artist": 3, "name": "Let Forever Be", "release_date": "1999-06-22", "album_art": "album_art/default-cover-art.png", "album": 3}}, {"model": "review_site.song", "pk": 27, "fields": {"artist": 3, "name": "The Sunshine Underground", "release_date": "1999-06-22", "album_art": "album_art/default-cover-art.png", "album": 3}}, {"model": "review_site.song", "pk": 28, "fields": {"artist": 3, "name": "Asleep from Day", "release_date": "1999-06-22", "album_art": "album_art/default-cover-art.png", "album": 3}}, {"model": "review_site.song", "pk": 29, "fields": {"artist": 3, "name": "Got Glint?", "release_date": "1999-06-22", "album_art": "album_art/default-cover-art.png", "album": 3}}, {"model": "review_site.song", "pk": 30, "fields": {"artist": 3, "name": "Hey Boy Hey Girl", "release_date": "1999-05-31", "album_art": "album_art/default-cover-art.png", "album": 3}}, {"model": "review_site.song", "pk": 31, "fields": {"artist": 3, "name": "Surrender", "release_date": "1999-06-22", "album_art": "album_art/default-cover-art.png", "album": 3}}, {"model": "review_site.song", "pk": 32, "fields": {"artist": 3, "name": "Dream On", "release_date": "1999-06-22", "album_art": "album_art/default-cover-art.png", "album": 3}}, {"model": "review_site.song", "pk": 33, "fields": {"artist": 3, "name": "The Private Psychedelic Reel", "release_date": "1999-06-22", "album_art": "album_art/default-cover-art.png", "album": 3}}, {"model": "review_site.eptrack", "pk": 1, "fields": {"artist": 8, "name": "Whatever", "release_date": "1994-12-18", "album_art": "album_art/default-cover-art.png", "ep": 1}}, {"model": "review_site.eptrack", "pk": 2, "fields": {"artist": 8, "name": "(It's Good) To Be Free", "release_date": "1994-12-18", "album_art": "album_art/default-cover-art.png", "ep": 1}}, {"model": "review_site.eptrack", "pk": 3, "fields": {"artist": 8, "name": "Half The World Away", "release_date": "1994-12-18", "album_art": "album_art/default-cover-art.png", "ep": 1}}, {"model": "review_site.eptrack", "pk": 4, "fields": {"artist": 8, "name": "Slide Away", "release_date": "1994-12-18", "album_art": "album_art/default-cover-art.png", "ep": 1}}, {"model": "review_site.eptrack", "pk": 5, "fields": {"artist": 9, "name": "Dreams", "release_date": "2023-07-01", "album_art": "album_art/default-cover-art.png", "ep": 2}}, {"model": "review_site.eptrack", "pk": 6, "fields": {"artist": 9, "name": "Gloria", "release_date": "2023-07-01", "album_art": "album_art/default-cover-art.png", "ep": 2}}, {"model": "review_site.gig", "pk": 1, "fields": {"artist": 1, "venue": "The Barrowlands", "date": "2002-03-02"}}, {"model": "review_site.gig", "pk": 2, "fields": {"artist": 4, "venue": "O2 Academy Glasgow", "date": "2024-02-25"}}, {"model": "review_site.gig", "pk": 3, "fields": {"artist": 5, "venue": "The Hydro", "date": "2024-03-27"}}, {"model": "review_site.musicreview", "pk": 1, "fields": {"user": 1, "title": "My Review of Is This It", "content": "I loved this album very much!", "rating": "4.5", "content_type": 7, "object_id": 1}}, {"model": "review_site.musicreview", "pk": 2, "fields": {"user": 2, "title": "My Review of Surrender", "content": "I loved this album very much!", "rating": "4.3", "content_type": 7, "object_id": 3}}, {"model": "review_site.musicreview", "pk": 3, "fields": {"user": 3, "title": "My Review of Whatever, the EP", "content": "This is my fave Oasis EP!", "rating": "4.2", "content_type": 9, "object_id": 1}}, {"model": "review_site.musicreview", "pk": 4, "fields": {"user": 13, "title": "yo mama", "content": "help", "rating": "3.2", "content_type": 7, "object_id": 4}}, {"model": "review_site.musicreview", "pk": 5, "fields": {"user": 13, "title": "testing this", "content": "frfefre", "rating": "3.0", "content_type": 7, "object_id": 5}}, {"model": "review_site.musicreview", "pk": 6, "fields": {"user": 13, "title": "fdsfsdf", "content": "ynynynyn", "rating": "4.0", "content_type": 7, "object_id": 1}}, {"model": "review_site.comment", "pk": 1, "fields": {"review": 1, "user": 3, "content": "I agree, I loved this too!", "parent": null}}, {"model": "review_site.comment", "pk": 2, "fields": {"review": 2, "user": 1, "content": "I disagree, I did not like it at all...", "parent": null}}, {"model": "review_site.comment", "pk": 3, "fields": {"review": 2, "user": 3, "content": "Agreed Jim, this track is great!", "parent": null}}, {"model": "review_site.comment", "pk": 4, "fields": {"review": 1, "user": 13, "content": "sdsds", "parent": null}}]