[{"model": "review_site.customuser", "pk": 1, "fields": {"password": "12345", "last_login": null, "is_superuser": false, "username": "craig.sinc", "first_name": "", "last_name": "", "email": "123@gmail.com", "is_staff": false, "is_active": true, "date_joined": "2024-03-22T09:23:15.235Z", "bio": "Hi!", "profile_picture": "", "groups": [], "user_permissions": []}}, {"model": "review_site.customuser", "pk": 2, "fields": {"password": "2468", "last_login": null, "is_superuser": false, "username": "Jim Bob", "first_name": "", "last_name": "", "email": "12345@gmail.com", "is_staff": false, "is_active": true, "date_joined": "2024-03-22T09:23:15.242Z", "bio": "Music lover.", "profile_picture": "", "groups": [], "user_permissions": []}}, {"model": "review_site.customuser", "pk": 3, "fields": {"password": "789", "last_login": null, "is_superuser": false, "username": "Dave Smith", "first_name": "", "last_name": "", "email": "123456@gmail.com", "is_staff": false, "is_active": true, "date_joined": "2024-03-22T09:23:15.246Z", "bio": "I like music!", "profile_picture": "", "groups": [], "user_permissions": []}}, {"model": "review_site.customuser", "pk": 4, "fields": {"password": "294", "last_login": null, "is_superuser": false, "username": "hal 9000", "first_name": "", "last_name": "", "email": "123456@gmail.com", "is_staff": false, "is_active": true, "date_joined": "2024-03-22T09:23:15.249Z", "bio": "I like cars!", "profile_picture": "", "groups": [], "user_permissions": []}}, {"model": "review_site.customuser", "pk": 5, "fields": {"password": "263", "last_login": null, "is_superuser": false, "username": "phil elvrum", "first_name": "", "last_name": "", "email": "123456@gmail.com", "is_staff": false, "is_active": true, "date_joined": "2024-03-22T09:23:15.252Z", "bio": "Stuff", "profile_picture": "", "groups": [], "user_permissions": []}}, {"model": "review_site.customuser", "pk": 6, "fields": {"password": "pbkdf2_sha256$600000$7ApkkVbcUR3FtaiFjBJkSG$ae/s07UTRVRRoESU0jzi7AuEXc8KmvxsTuf75WDqE/k=", "last_login": "2024-03-22T11:49:53.894Z", "is_superuser": false, "username": "rfrfrfrfrf", "first_name": "", "last_name": "", "email": "", "is_staff": false, "is_active": true, "date_joined": "2024-03-22T11:49:53.335Z", "bio": "", "profile_picture": "", "groups": [], "user_permissions": []}}, {"model": "review_site.customuser", "pk": 7, "fields": {"password": "pbkdf2_sha256$600000$waURzOWjdMTjPXz2US32GF$8M2fZ/C7ncS41BYTZj46x0d792p9a2kb5BGWpJylpxo=", "last_login": "2024-03-22T13:15:56.527Z", "is_superuser": false, "username": "tgbyhnujm", "first_name": "", "last_name": "", "email": "", "is_staff": false, "is_active": true, "date_joined": "2024-03-22T13:15:56.049Z", "bio": "", "profile_picture": "", "groups": [], "user_permissions": []}}, {"model": "review_site.customuser", "pk": 8, "fields": {"password": "pbkdf2_sha256$600000$hQ2E6rYAJIKJGDNBUSSadV$3lwyXV9JV/NB7rJNKdXoGdN3Cc85AHrBm0K+CstFoXA=", "last_login": "2024-03-22T13:25:38.324Z", "is_superuser": false, "username": "asdasd", "first_name": "", "last_name": "", "email": "", "is_staff": false, "is_active": true, "date_joined": "2024-03-22T13:18:13.542Z", "bio": "", "profile_picture": "", "groups": [], "user_permissions": []}}, {"model": "review_site.artist", "pk": 1, "fields": {"name": "The Strokes"}}, {"model": "review_site.artist", "pk": 2, "fields": {"name": "The Doors"}}, {"model": "review_site.artist", "pk": 3, "fields": {"name": "The Chemical Brothers"}}, {"model": "review_site.artist", "pk": 4, "fields": {"name": "Mitsubishi Suicide"}}, {"model": "review_site.artist", "pk": 5, "fields": {"name": "Crater Creek"}}, {"model": "review_site.artist", "pk": 6, "fields": {"name": "The Microphones"}}, {"model": "review_site.artist", "pk": 7, "fields": {"name": "Slint"}}, {"model": "review_site.artist", "pk": 8, "fields": {"name": "Stevie Wonder"}}, {"model": "review_site.artist", "pk": 9, "fields": {"name": "The Vaccines"}}, {"model": "review_site.artist", "pk": 10, "fields": {"name": "Rick Astley"}}, {"model": "review_site.artist", "pk": 11, "fields": {"name": "My Rushmore"}}, {"model": "review_site.artist", "pk": 12, "fields": {"name": "Visiting Friends"}}, {"model": "review_site.artist", "pk": 13, "fields": {"name": "Dying Giant"}}, {"model": "review_site.artist", "pk": 14, "fields": {"name": "Hey, Lonely Planet"}}, {"model": "review_site.artist", "pk": 15, "fields": {"name": "Dot Pixis"}}, {"model": "review_site.artist", "pk": 16, "fields": {"name": "Knives Chau Fan Club"}}, {"model": "review_site.artist", "pk": 17, "fields": {"name": "The Stone Roses"}}, {"model": "review_site.artist", "pk": 18, "fields": {"name": "Alice In Chains"}}, {"model": "review_site.artist", "pk": 19, "fields": {"name": "Big Thief"}}, {"model": "review_site.artist", "pk": 20, "fields": {"name": "The Smiths"}}, {"model": "review_site.artist", "pk": 21, "fields": {"name": "Oasis"}}, {"model": "review_site.artist", "pk": 22, "fields": {"name": "The Snuts"}}, {"model": "review_site.rating", "pk": 1, "fields": {"user": 2, "rating": "4.2", "content_type": 10, "object_id": 13}}, {"model": "review_site.rating", "pk": 2, "fields": {"user": 1, "rating": "4.7", "content_type": 7, "object_id": 1}}, {"model": "review_site.rating", "pk": 3, "fields": {"user": 2, "rating": "3.6", "content_type": 9, "object_id": 2}}, {"model": "review_site.album", "pk": 1, "fields": {"artist": 1, "name": "Is This It", "release_date": "2001-07-30", "content_type": 7, "album_art": "album_art/isthisit_x8mqp73.png"}}, {"model": "review_site.album", "pk": 2, "fields": {"artist": 2, "name": "L.A. Woman", "release_date": "1971-04-19", "content_type": 7, "album_art": "album_art/default-cover-art.png"}}, {"model": "review_site.album", "pk": 3, "fields": {"artist": 3, "name": "Surrender", "release_date": "1999-01-01", "content_type": 7, "album_art": "album_art/hbhg_KgaUJ8x.jpg"}}, {"model": "review_site.album", "pk": 4, "fields": {"artist": 4, "name": "Mitsubishi Suicide", "release_date": "2024-02-28", "content_type": 7, "album_art": "album_art/mitsubishiSuicideMitsubishiSuicide_huJJ5xJ.jpg"}}, {"model": "review_site.album", "pk": 5, "fields": {"artist": 5, "name": "Crater Creek", "release_date": "2022-10-22", "content_type": 7, "album_art": "album_art/default-cover-art.png"}}, {"model": "review_site.album", "pk": 6, "fields": {"artist": 6, "name": "The Glow, Pt. 2", "release_date": "2001-09-11", "content_type": 7, "album_art": "album_art/default-cover-art.png"}}, {"model": "review_site.album", "pk": 7, "fields": {"artist": 7, "name": "Spiderland", "release_date": "1991-03-15", "content_type": 7, "album_art": "album_art/default-cover-art.png"}}, {"model": "review_site.album", "pk": 8, "fields": {"artist": 7, "name": "Tweez", "release_date": "1989-01-01", "content_type": 7, "album_art": "album_art/default-cover-art.png"}}, {"model": "review_site.album", "pk": 9, "fields": {"artist": 6, "name": "Tests", "release_date": "1998-05-20", "content_type": 7, "album_art": "album_art/tests_8iNPVAw.jpg"}}, {"model": "review_site.album", "pk": 10, "fields": {"artist": 6, "name": "Window", "release_date": "2000-02-08", "content_type": 7, "album_art": "album_art/window_hegkXpb.jpg"}}, {"model": "review_site.album", "pk": 11, "fields": {"artist": 6, "name": "Don't Wake Up", "release_date": "1999-08-19", "content_type": 7, "album_art": "album_art/default-cover-art.png"}}, {"model": "review_site.album", "pk": 12, "fields": {"artist": 6, "name": "It Was Hot, We Stayed In The Water", "release_date": "2000-09-26", "content_type": 7, "album_art": "album_art/itwashotwestayedinthewater_YI41zgR.jpg"}}, {"model": "review_site.album", "pk": 13, "fields": {"artist": 6, "name": "Blood", "release_date": "2001-09-21", "content_type": 7, "album_art": "album_art/blood_sdYvVQ6.jpg"}}, {"model": "review_site.album", "pk": 14, "fields": {"artist": 6, "name": "Mount Eerie", "release_date": "2003-01-21", "content_type": 7, "album_art": "album_art/mounteerie_Xqp7uRA.jpg"}}, {"model": "review_site.album", "pk": 15, "fields": {"artist": 6, "name": "Little Bird Flies into a Big Black Cloud", "release_date": "2002-09-13", "content_type": 7, "album_art": "album_art/littlebird_x1anDmU.jpg"}}, {"model": "review_site.ep", "pk": 1, "fields": {"artist": 21, "name": "Whatever", "release_date": "1994-12-18", "content_type": 9, "album_art": "album_art/Whatever_7DkNot3.png"}}, {"model": "review_site.ep", "pk": 2, "fields": {"artist": 22, "name": "Dreams", "release_date": "2023-07-01", "content_type": 9, "album_art": "album_art/default-cover-art.png"}}, {"model": "review_site.single", "pk": 1, "fields": {"artist": 17, "name": "Sally Cinnamon", "release_date": "1987-01-02", "content_type": 11, "album_art": "album_art/default-cover-art.png"}}, {"model": "review_site.single", "pk": 2, "fields": {"artist": 9, "name": "Norgaard", "release_date": "2011-04-14", "content_type": 11, "album_art": "album_art/default-cover-art.png"}}, {"model": "review_site.single", "pk": 3, "fields": {"artist": 18, "name": "Would?", "release_date": "1992-10-29", "content_type": 11, "album_art": "album_art/default-cover-art.png"}}, {"model": "review_site.single", "pk": 4, "fields": {"artist": 19, "name": "Vampire Empire", "release_date": "2023-06-19", "content_type": 11, "album_art": "album_art/default-cover-art.png"}}, {"model": "review_site.single", "pk": 5, "fields": {"artist": 20, "name": "Back to the Old House", "release_date": "1985-02-02", "content_type": 11, "album_art": "album_art/default-cover-art.png"}}, {"model": "review_site.song", "pk": 1, "fields": {"artist": 1, "name": "Is This It", "release_date": "2001-06-30", "album_art": "album_art/default-cover-art.png", "album": 1}}, {"model": "review_site.song", "pk": 2, "fields": {"artist": 1, "name": "The Modern Age", "release_date": "2001-06-30", "album_art": "album_art/default-cover-art.png", "album": 1}}, {"model": "review_site.song", "pk": 3, "fields": {"artist": 1, "name": "Soma", "release_date": "2001-06-30", "album_art": "album_art/default-cover-art.png", "album": 1}}, {"model": "review_site.song", "pk": 4, "fields": {"artist": 1, "name": "Barely Legal", "release_date": "2001-06-30", "album_art": "album_art/default-cover-art.png", "album": 1}}, {"model": "review_site.song", "pk": 5, "fields": {"artist": 1, "name": "Someday", "release_date": "2001-06-30", "album_art": "album_art/default-cover-art.png", "album": 1}}, {"model": "review_site.song", "pk": 6, "fields": {"artist": 1, "name": "Alone, Together", "release_date": "2001-06-30", "album_art": "album_art/default-cover-art.png", "album": 1}}, {"model": "review_site.song", "pk": 7, "fields": {"artist": 1, "name": "Last Nite", "release_date": "2001-06-30", "album_art": "album_art/default-cover-art.png", "album": 1}}, {"model": "review_site.song", "pk": 8, "fields": {"artist": 1, "name": "Hard to Explain", "release_date": "2001-06-30", "album_art": "album_art/default-cover-art.png", "album": 1}}, {"model": "review_site.song", "pk": 9, "fields": {"artist": 1, "name": "When It Started", "release_date": "2001-06-30", "album_art": "album_art/default-cover-art.png", "album": 1}}, {"model": "review_site.song", "pk": 10, "fields": {"artist": 1, "name": "Trying Your Luck", "release_date": "2001-06-30", "album_art": "album_art/default-cover-art.png", "album": 1}}, {"model": "review_site.song", "pk": 11, "fields": {"artist": 1, "name": "Take It or Leave It", "release_date": "2001-06-30", "album_art": "album_art/default-cover-art.png", "album": 1}}, {"model": "review_site.song", "pk": 12, "fields": {"artist": 2, "name": "The Changeling", "release_date": "1971-04-19", "album_art": "album_art/default-cover-art.png", "album": 2}}, {"model": "review_site.song", "pk": 13, "fields": {"artist": 2, "name": "Love Her Madly", "release_date": "1971-04-19", "album_art": "album_art/default-cover-art.png", "album": 2}}, {"model": "review_site.song", "pk": 14, "fields": {"artist": 2, "name": "Been Down So Long", "release_date": "1971-04-19", "album_art": "album_art/default-cover-art.png", "album": 2}}, {"model": "review_site.song", "pk": 15, "fields": {"artist": 2, "name": "Cars Hiss by My Window", "release_date": "1971-04-19", "album_art": "album_art/default-cover-art.png", "album": 2}}, {"model": "review_site.song", "pk": 16, "fields": {"artist": 2, "name": "L.A. Woman", "release_date": "1971-04-19", "album_art": "album_art/default-cover-art.png", "album": 2}}, {"model": "review_site.song", "pk": 17, "fields": {"artist": 2, "name": "LAmerica", "release_date": "1971-04-19", "album_art": "album_art/default-cover-art.png", "album": 2}}, {"model": "review_site.song", "pk": 18, "fields": {"artist": 2, "name": "Hyacinth House", "release_date": "1971-04-19", "album_art": "album_art/default-cover-art.png", "album": 2}}, {"model": "review_site.song", "pk": 19, "fields": {"artist": 2, "name": "Crawling King Snake", "release_date": "1971-04-19", "album_art": "album_art/default-cover-art.png", "album": 2}}, {"model": "review_site.song", "pk": 20, "fields": {"artist": 2, "name": "The WASP (Texas Radio and the Big Beat)", "release_date": "1971-04-19", "album_art": "album_art/default-cover-art.png", "album": 2}}, {"model": "review_site.song", "pk": 21, "fields": {"artist": 2, "name": "Riders on the Storm", "release_date": "1971-04-19", "album_art": "album_art/default-cover-art.png", "album": 2}}, {"model": "review_site.song", "pk": 22, "fields": {"artist": 3, "name": "Music: Response", "release_date": "1999-06-22", "album_art": "album_art/default-cover-art.png", "album": 3}}, {"model": "review_site.song", "pk": 23, "fields": {"artist": 3, "name": "Under the Influence", "release_date": "1999-06-22", "album_art": "album_art/default-cover-art.png", "album": 3}}, {"model": "review_site.song", "pk": 24, "fields": {"artist": 3, "name": "Out of Control", "release_date": "1999-06-22", "album_art": "album_art/default-cover-art.png", "album": 3}}, {"model": "review_site.song", "pk": 25, "fields": {"artist": 3, "name": "Orange Wedge", "release_date": "1999-06-22", "album_art": "album_art/default-cover-art.png", "album": 3}}, {"model": "review_site.song", "pk": 26, "fields": {"artist": 3, "name": "Let Forever Be", "release_date": "1999-06-22", "album_art": "album_art/default-cover-art.png", "album": 3}}, {"model": "review_site.song", "pk": 27, "fields": {"artist": 3, "name": "The Sunshine Underground", "release_date": "1999-06-22", "album_art": "album_art/default-cover-art.png", "album": 3}}, {"model": "review_site.song", "pk": 28, "fields": {"artist": 3, "name": "Asleep from Day", "release_date": "1999-06-22", "album_art": "album_art/default-cover-art.png", "album": 3}}, {"model": "review_site.song", "pk": 29, "fields": {"artist": 3, "name": "Got Glint?", "release_date": "1999-06-22", "album_art": "album_art/default-cover-art.png", "album": 3}}, {"model": "review_site.song", "pk": 30, "fields": {"artist": 3, "name": "Hey Boy Hey Girl", "release_date": "1999-05-31", "album_art": "album_art/default-cover-art.png", "album": 3}}, {"model": "review_site.song", "pk": 31, "fields": {"artist": 3, "name": "Surrender", "release_date": "1999-06-22", "album_art": "album_art/default-cover-art.png", "album": 3}}, {"model": "review_site.song", "pk": 32, "fields": {"artist": 3, "name": "Dream On", "release_date": "1999-06-22", "album_art": "album_art/default-cover-art.png", "album": 3}}, {"model": "review_site.song", "pk": 33, "fields": {"artist": 3, "name": "The Private Psychedelic Reel", "release_date": "1999-06-22", "album_art": "album_art/default-cover-art.png", "album": 3}}, {"model": "review_site.song", "pk": 34, "fields": {"artist": 4, "name": "I Stopped Watching Films", "release_date": "2024-02-28", "album_art": "album_art/default-cover-art.png", "album": 4}}, {"model": "review_site.song", "pk": 35, "fields": {"artist": 4, "name": "Marriage of Figaro", "release_date": "2024-02-28", "album_art": "album_art/default-cover-art.png", "album": 4}}, {"model": "review_site.song", "pk": 36, "fields": {"artist": 4, "name": "Song for Ciara H", "release_date": "2024-02-28", "album_art": "album_art/default-cover-art.png", "album": 4}}, {"model": "review_site.song", "pk": 37, "fields": {"artist": 4, "name": "Ilex Court", "release_date": "2024-02-28", "album_art": "album_art/default-cover-art.png", "album": 4}}, {"model": "review_site.song", "pk": 38, "fields": {"artist": 4, "name": "Shooting Myself with an Amazonian Blowgun", "release_date": "2024-02-28", "album_art": "album_art/default-cover-art.png", "album": 4}}, {"model": "review_site.song", "pk": 39, "fields": {"artist": 5, "name": "end of the summer", "release_date": "2022-10-22", "album_art": "album_art/default-cover-art.png", "album": 5}}, {"model": "review_site.song", "pk": 40, "fields": {"artist": 5, "name": "robot witches from planet hell", "release_date": "2022-10-22", "album_art": "album_art/default-cover-art.png", "album": 5}}, {"model": "review_site.song", "pk": 41, "fields": {"artist": 5, "name": "wereclown", "release_date": "2022-10-22", "album_art": "album_art/default-cover-art.png", "album": 5}}, {"model": "review_site.song", "pk": 42, "fields": {"artist": 5, "name": "unidentified crying object", "release_date": "2022-10-22", "album_art": "album_art/default-cover-art.png", "album": 5}}, {"model": "review_site.song", "pk": 43, "fields": {"artist": 5, "name": "sweet tooth", "release_date": "2022-10-22", "album_art": "album_art/default-cover-art.png", "album": 5}}, {"model": "review_site.song", "pk": 44, "fields": {"artist": 5, "name": "pumpkin people", "release_date": "2022-10-22", "album_art": "album_art/default-cover-art.png", "album": 5}}, {"model": "review_site.song", "pk": 45, "fields": {"artist": 5, "name": "guising", "release_date": "2022-10-22", "album_art": "album_art/default-cover-art.png", "album": 5}}, {"model": "review_site.song", "pk": 46, "fields": {"artist": 5, "name": "caveman high school", "release_date": "2022-10-22", "album_art": "album_art/default-cover-art.png", "album": 5}}, {"model": "review_site.song", "pk": 47, "fields": {"artist": 5, "name": "occult classic", "release_date": "2022-10-22", "album_art": "album_art/default-cover-art.png", "album": 5}}, {"model": "review_site.song", "pk": 48, "fields": {"artist": 5, "name": "see thru", "release_date": "2022-10-22", "album_art": "album_art/default-cover-art.png", "album": 5}}, {"model": "review_site.song", "pk": 49, "fields": {"artist": 5, "name": "there's something in the lake!!!", "release_date": "2022-10-22", "album_art": "album_art/default-cover-art.png", "album": 5}}, {"model": "review_site.song", "pk": 50, "fields": {"artist": 5, "name": "goo", "release_date": "2022-10-22", "album_art": "album_art/default-cover-art.png", "album": 5}}, {"model": "review_site.song", "pk": 51, "fields": {"artist": 5, "name": "bottomless pit", "release_date": "2022-10-22", "album_art": "album_art/default-cover-art.png", "album": 5}}, {"model": "review_site.song", "pk": 52, "fields": {"artist": 6, "name": "I Want Wind to Blow", "release_date": "2001-09-11", "album_art": "album_art/default-cover-art.png", "album": 6}}, {"model": "review_site.song", "pk": 53, "fields": {"artist": 6, "name": "The Glow, Pt. 2", "release_date": "2001-09-11", "album_art": "album_art/default-cover-art.png", "album": 6}}, {"model": "review_site.song", "pk": 54, "fields": {"artist": 6, "name": "The Moon", "release_date": "2001-09-11", "album_art": "album_art/default-cover-art.png", "album": 6}}, {"model": "review_site.song", "pk": 55, "fields": {"artist": 6, "name": "Headless Horseman", "release_date": "2001-09-11", "album_art": "album_art/default-cover-art.png", "album": 6}}, {"model": "review_site.song", "pk": 56, "fields": {"artist": 6, "name": "My Roots are Strong and Deep", "release_date": "2001-09-11", "album_art": "album_art/default-cover-art.png", "album": 6}}, {"model": "review_site.song", "pk": 57, "fields": {"artist": 6, "name": "Intrumental", "release_date": "2001-09-11", "album_art": "album_art/default-cover-art.png", "album": 6}}, {"model": "review_site.song", "pk": 58, "fields": {"artist": 6, "name": "The Mansion", "release_date": "2001-09-11", "album_art": "album_art/default-cover-art.png", "album": 6}}, {"model": "review_site.song", "pk": 59, "fields": {"artist": 6, "name": "(Something)", "release_date": "2001-09-11", "album_art": "album_art/default-cover-art.png", "album": 6}}, {"model": "review_site.song", "pk": 60, "fields": {"artist": 6, "name": "(Something)-1", "release_date": "2001-09-11", "album_art": "album_art/default-cover-art.png", "album": 6}}, {"model": "review_site.song", "pk": 61, "fields": {"artist": 6, "name": "I'll Not Contain You", "release_date": "2001-09-11", "album_art": "album_art/default-cover-art.png", "album": 6}}, {"model": "review_site.song", "pk": 62, "fields": {"artist": 6, "name": "The Gleam, Pt. 2", "release_date": "2001-09-11", "album_art": "album_art/default-cover-art.png", "album": 6}}, {"model": "review_site.song", "pk": 63, "fields": {"artist": 6, "name": "Map", "release_date": "2001-09-11", "album_art": "album_art/default-cover-art.png", "album": 6}}, {"model": "review_site.song", "pk": 64, "fields": {"artist": 6, "name": "You'll Be in the Air", "release_date": "2001-09-11", "album_art": "album_art/default-cover-art.png", "album": 6}}, {"model": "review_site.song", "pk": 65, "fields": {"artist": 6, "name": "I Want to Be Cold", "release_date": "2001-09-11", "album_art": "album_art/default-cover-art.png", "album": 6}}, {"model": "review_site.song", "pk": 66, "fields": {"artist": 6, "name": "I Am Bored", "release_date": "2001-09-11", "album_art": "album_art/default-cover-art.png", "album": 6}}, {"model": "review_site.song", "pk": 67, "fields": {"artist": 6, "name": "I Felt My Size", "release_date": "2001-09-11", "album_art": "album_art/default-cover-art.png", "album": 6}}, {"model": "review_site.song", "pk": 68, "fields": {"artist": 6, "name": "Instrumental-2", "release_date": "2001-09-11", "album_art": "album_art/default-cover-art.png", "album": 6}}, {"model": "review_site.song", "pk": 69, "fields": {"artist": 6, "name": "I Felt Your Shape", "release_date": "2001-09-11", "album_art": "album_art/default-cover-art.png", "album": 6}}, {"model": "review_site.song", "pk": 70, "fields": {"artist": 6, "name": "Samurai Sword", "release_date": "2001-09-11", "album_art": "album_art/default-cover-art.png", "album": 6}}, {"model": "review_site.song", "pk": 71, "fields": {"artist": 6, "name": "My Warm Blood", "release_date": "2001-09-11", "album_art": "album_art/default-cover-art.png", "album": 6}}, {"model": "review_site.song", "pk": 72, "fields": {"artist": 7, "name": "Breadcrumb Trail", "release_date": "1991-03-15", "album_art": "album_art/default-cover-art.png", "album": 7}}, {"model": "review_site.song", "pk": 73, "fields": {"artist": 7, "name": "Nosferatu Man", "release_date": "1991-03-15", "album_art": "album_art/default-cover-art.png", "album": 7}}, {"model": "review_site.song", "pk": 74, "fields": {"artist": 7, "name": "Don, Aman", "release_date": "1991-03-15", "album_art": "album_art/default-cover-art.png", "album": 7}}, {"model": "review_site.song", "pk": 75, "fields": {"artist": 7, "name": "Washer", "release_date": "1991-03-15", "album_art": "album_art/default-cover-art.png", "album": 7}}, {"model": "review_site.song", "pk": 76, "fields": {"artist": 7, "name": "For Dinner...", "release_date": "1991-03-15", "album_art": "album_art/default-cover-art.png", "album": 7}}, {"model": "review_site.song", "pk": 77, "fields": {"artist": 7, "name": "Good Morning Captain", "release_date": "1991-03-15", "album_art": "album_art/default-cover-art.png", "album": 7}}, {"model": "review_site.song", "pk": 78, "fields": {"artist": 7, "name": "Ron", "release_date": "1989-01-01", "album_art": "album_art/default-cover-art.png", "album": 8}}, {"model": "review_site.song", "pk": 79, "fields": {"artist": 7, "name": "Nan Ding", "release_date": "1989-01-01", "album_art": "album_art/default-cover-art.png", "album": 8}}, {"model": "review_site.song", "pk": 80, "fields": {"artist": 7, "name": "Carol", "release_date": "1989-01-01", "album_art": "album_art/default-cover-art.png", "album": 8}}, {"model": "review_site.song", "pk": 81, "fields": {"artist": 7, "name": "Kent", "release_date": "1989-01-01", "album_art": "album_art/default-cover-art.png", "album": 8}}, {"model": "review_site.song", "pk": 82, "fields": {"artist": 7, "name": "Charlotte", "release_date": "1989-01-01", "album_art": "album_art/default-cover-art.png", "album": 8}}, {"model": "review_site.song", "pk": 83, "fields": {"artist": 7, "name": "Darlene", "release_date": "1989-01-01", "album_art": "album_art/default-cover-art.png", "album": 8}}, {"model": "review_site.song", "pk": 84, "fields": {"artist": 7, "name": "Warren", "release_date": "1989-01-01", "album_art": "album_art/default-cover-art.png", "album": 8}}, {"model": "review_site.song", "pk": 85, "fields": {"artist": 7, "name": "Pat", "release_date": "1989-01-01", "album_art": "album_art/default-cover-art.png", "album": 8}}, {"model": "review_site.song", "pk": 86, "fields": {"artist": 7, "name": "Rhoda", "release_date": "1989-01-01", "album_art": "album_art/default-cover-art.png", "album": 8}}, {"model": "review_site.song", "pk": 87, "fields": {"artist": 6, "name": "song", "release_date": "1998-05-20", "album_art": "album_art/default-cover-art.png", "album": 9}}, {"model": "review_site.song", "pk": 88, "fields": {"artist": 6, "name": "song", "release_date": "2000-02-08", "album_art": "album_art/default-cover-art.png", "album": 10}}, {"model": "review_site.song", "pk": 89, "fields": {"artist": 6, "name": "song", "release_date": "1999-08-19", "album_art": "album_art/default-cover-art.png", "album": 11}}, {"model": "review_site.song", "pk": 90, "fields": {"artist": 6, "name": "song", "release_date": "2000-09-26", "album_art": "album_art/default-cover-art.png", "album": 12}}, {"model": "review_site.song", "pk": 91, "fields": {"artist": 6, "name": "song", "release_date": "2001-09-21", "album_art": "album_art/default-cover-art.png", "album": 13}}, {"model": "review_site.song", "pk": 92, "fields": {"artist": 6, "name": "song", "release_date": "2003-01-21", "album_art": "album_art/default-cover-art.png", "album": 14}}, {"model": "review_site.song", "pk": 93, "fields": {"artist": 6, "name": "song", "release_date": "2002-09-13", "album_art": "album_art/default-cover-art.png", "album": 15}}, {"model": "review_site.eptrack", "pk": 1, "fields": {"artist": 21, "name": "Whatever", "release_date": "1994-12-18", "album_art": "album_art/default-cover-art.png", "ep": 1}}, {"model": "review_site.eptrack", "pk": 2, "fields": {"artist": 21, "name": "(It's Good) To Be Free", "release_date": "1994-12-18", "album_art": "album_art/default-cover-art.png", "ep": 1}}, {"model": "review_site.eptrack", "pk": 3, "fields": {"artist": 21, "name": "Half The World Away", "release_date": "1994-12-18", "album_art": "album_art/default-cover-art.png", "ep": 1}}, {"model": "review_site.eptrack", "pk": 4, "fields": {"artist": 21, "name": "Slide Away", "release_date": "1994-12-18", "album_art": "album_art/default-cover-art.png", "ep": 1}}, {"model": "review_site.eptrack", "pk": 5, "fields": {"artist": 22, "name": "Dreams", "release_date": "2023-07-01", "album_art": "album_art/default-cover-art.png", "ep": 2}}, {"model": "review_site.eptrack", "pk": 6, "fields": {"artist": 22, "name": "Gloria", "release_date": "2023-07-01", "album_art": "album_art/default-cover-art.png", "ep": 2}}, {"model": "review_site.gig", "pk": 1, "fields": {"artist": 1, "venue": "The Barrowlands", "date": "2002-03-02"}}, {"model": "review_site.gig", "pk": 2, "fields": {"artist": 9, "venue": "O2 Academy Glasgow", "date": "2024-02-25"}}, {"model": "review_site.gig", "pk": 3, "fields": {"artist": 10, "venue": "The Hydro", "date": "2024-03-27"}}, {"model": "review_site.gig", "pk": 4, "fields": {"artist": 11, "venue": "The Hug and Pint", "date": "2024-03-01"}}, {"model": "review_site.gig", "pk": 5, "fields": {"artist": 12, "venue": "The Hug and Pint", "date": "2024-03-01"}}, {"model": "review_site.gig", "pk": 6, "fields": {"artist": 11, "venue": "Audiolounge", "date": "2024-01-26"}}, {"model": "review_site.gig", "pk": 7, "fields": {"artist": 13, "venue": "Audiolounge", "date": "2024-01-26"}}, {"model": "review_site.gig", "pk": 8, "fields": {"artist": 14, "venue": "Audiolounge", "date": "2024-01-26"}}, {"model": "review_site.gig", "pk": 9, "fields": {"artist": 15, "venue": "Audiolounge", "date": "2024-01-26"}}, {"model": "review_site.gig", "pk": 10, "fields": {"artist": 11, "venue": "Old Hairdressers", "date": "2024-10-27"}}, {"model": "review_site.gig", "pk": 11, "fields": {"artist": 14, "venue": "Old Hairdressers", "date": "2024-10-27"}}, {"model": "review_site.gig", "pk": 12, "fields": {"artist": 16, "venue": "Old Hairdressers", "date": "2024-10-27"}}, {"model": "review_site.gig", "pk": 13, "fields": {"artist": 5, "venue": "Old Hairdressers", "date": "2024-10-27"}}, {"model": "review_site.musicreview", "pk": 1, "fields": {"user": 1, "title": "My Review of Is This It", "content": "I loved this album very much!", "rating": "4.5", "content_type": 7, "object_id": 1}}, {"model": "review_site.musicreview", "pk": 2, "fields": {"user": 2, "title": "My Review of Surrender", "content": "I loved this album very much!", "rating": "4.3", "content_type": 7, "object_id": 3}}, {"model": "review_site.musicreview", "pk": 3, "fields": {"user": 3, "title": "My Review of Whatever, the EP", "content": "This is my fave Oasis EP!", "rating": "4.2", "content_type": 9, "object_id": 1}}, {"model": "review_site.musicreview", "pk": 4, "fields": {"user": 4, "title": "My Review of mitsubishi suicide", "content": "I loved this album very much!", "rating": "5.0", "content_type": 7, "object_id": 4}}, {"model": "review_site.musicreview", "pk": 5, "fields": {"user": 2, "title": "My Review of the glow pt 2", "content": "I loved this album very much!", "rating": "3.0", "content_type": 7, "object_id": 6}}, {"model": "review_site.musicreview", "pk": 6, "fields": {"user": 2, "title": "My Review of mount eerie", "content": "Solar SYstem", "rating": "4.0", "content_type": 7, "object_id": 14}}, {"model": "review_site.musicreview", "pk": 7, "fields": {"user": 5, "title": "My Review of blood", "content": "I made this", "rating": "5.0", "content_type": 7, "object_id": 13}}, {"model": "review_site.musicreview", "pk": 8, "fields": {"user": 6, "title": "haha", "content": "no idea", "rating": "3.0", "content_type": 7, "object_id": 3}}, {"model": "review_site.comment", "pk": 1, "fields": {"review": 1, "user": 3, "content": "I agree, I loved this too!", "parent": null}}, {"model": "review_site.comment", "pk": 2, "fields": {"review": 2, "user": 1, "content": "I disagree, I did not like it at all...", "parent": null}}, {"model": "review_site.comment", "pk": 3, "fields": {"review": 2, "user": 3, "content": "Agreed Jim, this track is great!", "parent": null}}]